text,label
I absolutely love this product and would recommend it to everyone.,positive
This is the worst experience I have ever had.,negative
The service was okay and the product is average.,neutral
Amazing quality and fast delivery.,positive
I dislike this item because it broke after one day.,negative
The app works fine but nothing special.,neutral
Fantastic support and great value for money.,positive
Terrible packaging and poor customer service.,negative
It is acceptable and does what it promises.,neutral
Excellent design and very easy to use.,positive
I am disappointed with the performance.,negative
The experience was neither good nor bad.,neutral
Superb experience from start to finish.,positive
Awful product and I regret buying it.,negative
The results are decent and the price is fair.,neutral
Very happy with the purchase and the quality.,positive
This was a bad decision and the features are weak.,negative
Everything is fine and balanced.,neutral
Outstanding performance and impressive features.,positive
I hate how slow and unreliable it is.,negative
